{
  "standards": [
    {
      "id": "pmbok7",
      "title": "PMBOK® Guide – Seventh Edition",
      "description": "A principles-based standard focusing on 12 project delivery principles and 8 performance domains.",
      "content": [
        {
          "id": "2.1",
          "title": "The Stewardship Principle",
          "paragraphs": [
            "**Creating Value:** Projects operate within larger systems such as organizations, government agencies, or contractual arrangements. Their main goal is to create value for stakeholders.",
            "**Value can be generated by:**",
            "- Developing new products or services that meet customer needs",
            "- Improving efficiency, effectiveness, or responsiveness",
            "- Enabling organizational transformation and sustaining long-term benefits",
            "- Creating positive social or environmental contributions",
            "**2.1.1 Value Delivery Components:** A value delivery system consists of portfolios, programs, projects, products, and operations working together to achieve strategic goals.",
            "**2.1.2 Information Flow:** Effective value delivery relies on continuous information exchange among all components. Leadership provides strategy and direction to portfolios, programs, and projects. Projects deliver results and feedback to operations. Operations report performance and improvement needs back to leadership."
          ],
           "imagePath": "image1.jpeg"

          },
        {
          "id": "2.2",
          "title": " Organizational Governance Systems",
          "paragraphs": [
            "****",
            "Governance ensures smooth workflows, effective decision-making, and issue resolution.",
            "A governance framework includes oversight, control, evaluation, and integration mechanisms to manage changes, risks, and performance.",
            "Each project operates under governance that aligns with its organization’s strategic and ethical standards."
          ]
        },
        {
          "id": "2.3",
          "title": "Functions Associated with Projects",
          "paragraphs": [
            "**Oversight & Coordination** – Leading planning, monitoring, and ensuring project health and safety.",
            "**Objectives & Feedback** – Engaging customers and end-users for continuous input.",
            "**Facilitation & Support** – Encouraging collaboration, decision-making, and conflict resolution.",
            "**Perform Work & Contribute Insights** – Executing project tasks using expertise and cross-functional knowledge.",
            "**Apply Expertise** – Providing specialized advice and vision.",
            "**Business Direction & Insight** – Setting priorities and guiding product development.",
            "**Provide Resources & Direction** – Securing resources, advocating for the project, and aligning with strategy.",
            "**Maintain Governance** – Monitoring progress and ensuring alignment with business objectives."
          ]
        },
        {
          "id": "2.4",
          "title": "The Project Environment",
          "paragraphs": [
            "Projects operate within internal and external environments that influence value delivery.",
            "**Internal Environment**",
            "Includes organizational assets such as:",
            "- Processes and governance documentation",
            "- Knowledge and data assets",
            "- Culture, structure, and leadership",
            "- Technology, resources, and infrastructure",
            "**External Environment**",
            "Includes factors like:",
            "- Market conditions and competitors",
            "- Social, cultural, and political influences",
            "- Regulatory laws and standards",
            "- Financial and environmental conditions"
          ]
        },
                {
          "id": "2.5",
          "title": "Product Management Considerations",
          "paragraphs": [
            "Project, program, portfolio, and product management are **interconnected disciplines**.",
            "A product life cycle evolves through phases — introduction, growth, maturity, and retirement.",
            "Projects and programs may be initiated at any stage to enhance product components or create new value.",
            "Product management integrates people, data, processes, and systems to sustain and grow value throughout the product’s life cycle."
          ],
          "imagePath":"image2.jpeg"
        },
        {
          "id": "3.1",
          "title": "Be a Diligent, Respectful, and Caring Steward",
          "paragraphs": [
            "Stewardship means being responsible, ethical, and trustworthy with project resources and people.",
            "Inside the organization, it involves aligning with goals, treating people fairly, and managing finances/resources responsibly.",
            "Externally, it includes sustainability, ethical relationships, and community impact.",
            "Core duties include:",
            "- Integrity: Act honestly and model ethical behavior.",
            "- Care: Manage organizational and environmental responsibilities diligently.",
            "- Trustworthiness: Avoid conflicts of interest and protect trust.",
            "- Compliance: Follow laws and organizational rules.",
            "Stewardship requires transparency, empathy, and accountability because projects can have wide social, environmental, and ethical effects."
          ]
        },
        {
          "id": "3.2",
          "title": "Create a Collaborative Project Team Environment",
          "paragraphs": [
            "Collaboration is built through team agreements, structures, and processes that promote synergy and open communication.",
            "Key elements:",
            "- Team agreements: Set behavioral norms and evolve with time.",
            "- Organizational structures: Define roles, responsibilities, and authority.",
            "- Processes: Establish clear task completion methods (e.g., WBS, backlog).",
            "A collaborative team respects diversity, manages conflicts productively, and shares ownership of project outcomes.",
            "Collaboration enhances learning, creativity, and ethical alignment with organizational culture."
          ],
          "imagePath":"image3.jpeg"
        },
        {
          "id": "3.3",
          "title": "Effectively Engage with Stakeholders",
          "paragraphs": [
            "Stakeholders can influence or be affected by the project in many ways (scope, cost, risk, schedule, quality, success).",
            "Their involvement changes over the project lifecycle.",
            "Early and continuous engagement ensures alignment, minimizes conflict, and increases satisfaction.",
            "Engagement involves two-way communication, empathy, transparency, and collaboration.",
            "It helps detect risks, shape project direction, and enhance overall success and value."
          ]
        },
        {
          "id": "3.4",
          "title": "Focus on Value",
          "paragraphs": [
            "The ultimate goal of any project is to deliver value, not just outputs.",
            "Value can be financial, social, environmental, or strategic depending on stakeholders.",
            "Business cases define the project’s need, justification, and strategic alignment.",
            "Projects should continuously evaluate progress against expected outcomes and adjust as needed.",
            "Teams should focus on outcomes, not just deliverables (e.g., not just software, but improved productivity).",
            "Value realization may be short- or long-term and should consider all stakeholder perspectives."
          ]
        },
        {
          "id": "3.5",
          "title": "Recognize, Evaluate, and Respond to System Interactions",
          "paragraphs": [
            "Projects function as systems within systems—interacting with organizations, programs, and environments.",
            "Systems thinking helps teams understand interdependencies and manage change effectively.",
            "Teams must consider:",
            "- How subsystems integrate.",
            "- How internal/external changes affect the whole system.",
            "- How timing and interconnections influence outcomes.",
            "Skills required: critical thinking, empathy, integrated methods, scenario modeling, and proactive management.",
            "Benefits include better risk management, alignment with organizational goals, and improved adaptability."
          ]
        },
        {
          "id": "3.6",
          "title": "Demonstrate Leadership Behaviors",
          "paragraphs": [
            "Leadership is crucial in projects due to their temporary, cross-functional, and high-stakes nature.",
            "Effective leaders provide clarity, motivation, conflict resolution, and ethical guidance.",
            "Leadership is not limited to formal roles—any team member can demonstrate it through initiative, accountability, and collaboration."
          ],
          "imagePath":"image4.jpeg"
        },
         {
          "id": "3.7",
          "title": "Tailor Based on Context",
          "paragraphs": [
            "**Core Idea:**",
            "Every project is unique. Tailoring means deliberately adapting project methods, governance, and processes to fit the project’s specific environment, objectives, and complexity.",
            "Key Points:",
            "- Tailoring adjusts frameworks, methods, and processes to deliver the best results for the given context (organization type, team size, risk, and complexity).",
            "- It ensures flexibility, efficiency, and alignment with stakeholder needs.",
            "Can be:",
            "- Implicit: Following a predefined organizational methodology.",
            "- Explicit: Selecting and mixing elements from different methods.",
            "Involves collaboration with the PMO and stakeholders to define delivery approaches, methods, and resources.",
            "Avoids unnecessary processes that add cost or waste without adding value.",
            "Tailoring is iterative—it evolves through continuous feedback and learning.",
            "Benefits of Tailoring:",
            "- Stronger team commitment (ownership of the approach).",
            "- Reduced waste and improved efficiency.",
            "- Greater focus on customer and stakeholder needs.",
            "- Enhanced innovation, adaptability, and long-term organizational learning.",
            "- Improvement of organizational methodologies through shared lessons learned."
          ]
        },
        {
          "id": "3.8",
          "title": "Build Quality into Processes and Deliverables",
          "paragraphs": [
            "**Core Idea:**",
            "Quality means that deliverables meet requirements and satisfy stakeholder needs through fit-for-use and conformance to standards. Quality should be embedded throughout both processes and outcomes.",
            "Dimensions of Quality:",
            "- Performance: Functions as intended.",
            "- Conformity: Meets specifications.",
            "- Reliability & Resilience: Works consistently and recovers from failures.",
            "- Satisfaction & Usability: Positive experience for users.",
            "- Uniformity: Consistent with other deliverables.",
            "- Efficiency: Achieves best results with minimal input.",
            "- Sustainability: Positive environmental/social impact.",
            "Key Concepts:",
            "Requirements can be explicit or implicit, from stakeholders, contracts, or regulations.",
            "Acceptance criteria define how deliverables are measured and validated.",
            "Quality applies both to deliverables (tested via inspection) and processes (reviewed via audits).",
            "The goal is prevention of defects, timely delivery, and reduction of rework.",
            "Outcomes of Strong Quality Practices:",
            "- Fit-for-purpose deliverables.",
            "- Higher stakeholder satisfaction.",
            "- Fewer defects, less rework, and lower costs.",
            "- Improved productivity, morale, and decision-making.",
            "- Continuous improvement across projects."
          ],
          "imagePath":"image5.jpeg"
        },
       {
          
            "id": "3.9",
            "title": "Navigate Complexity",
            "paragraphs": [
              "**Core Idea:**",
              "Complexity arises from the number and nature of interactions within a project’s system. It cannot be eliminated, but project teams can anticipate, adapt, and navigate it effectively.",
              "Sources of Complexity:",
              "Human Behavior:",
              "- Different attitudes, agendas, or cultures (especially across distributed teams).",
              "System Behavior:",
              "- Interactions between interconnected elements and technologies.",
              "Uncertainty & Ambiguity:",
              "- Lack of clarity or unpredictable events (“unknown unknowns” and “black swans”).",
              "Technological Innovation:",
              "- New tools or processes that disrupt established methods.",
              "Key Practices:",
              "- Apply systems thinking to understand interdependencies.",
              "- Use continuous learning, experimentation, and feedback to handle emerging complexity.",
              "- Stay vigilant for signals of complexity throughout the project lifecycle.",
              "- Adapt approaches and plans to manage disruptions effectively.",
              "Goal:",
              "To reduce confusion, improve adaptability, and maintain stability in the face of change and uncertainty."
            ],
            "imagePath":"image6.png"
        
        },
        {
          "id": "3.10",
          "title": "Optimize Risk Responses",
          "paragraphs": [
            "**Core Idea:**",
            "A risk is an uncertain event that can have positive or negative effects on project objectives. Risk management aims to maximize opportunities and minimize threats throughout the project lifecycle.",
            "Key Elements:",
            "- Individual Risks: Specific events that may occur.",
            "- Overall Project Risk: The combined effect of all uncertainties on the entire project.",
            "- Risk Appetite: How much uncertainty stakeholders are willing to accept.",
            "- Risk Threshold: Acceptable variation around objectives (e.g., ±5% cost).",
            "Effective Risk Responses Should Be:",
            "- Timely and proportional to significance.",
            "- Cost-effective and realistic.",
            "- Agreed upon by stakeholders.",
            "- Clearly assigned to an owner for accountability.",
            "Approach:",
            "- Identify, assess, and monitor risks continuously.",
            "- Use consistent risk evaluation and proactive management.",
            "- Understand how risks affect portfolios, programs, and benefits realization.",
            "Benefits of Optimized Risk Management:",
            "- Reduced exposure to negative risks.",
            "- Enhanced ability to seize opportunities.",
            "- Controlled project variability.",
            "- Improved overall value and predictability."
          ],
          "imagePath":"image7.png"
        }
      ]
    },
    {
  "id": "prince2",
  "title": "PRINCE2® (Projects IN Controlled Environments)",
  "description": "A comprehensive, process-based method for effective project management and governance.",
  "content": [
    {
      "id": "Principals_OVERVIEW",
      "title": "PRINCE2: Overview and Structure",
      "paragraphs": [
        "PRINCE2 is defined by three integrated components: **Seven Principles** (the *why*), **Seven Themes** (the *what*), and **Seven Processes** (the *how*).",
        "It is a highly structured method focused on control, organization, and efficient resource utilization.",
        "Unlike PMBOK, which is principles-based, PRINCE2 provides a specific, prescriptive framework for the entire project lifecycle."
      ],
      "imagePath":"image8.png"
    },
    {
      "id": "2.1: PRIN_1",
      "title": "Principle: Continued Business Justification",
      "paragraphs": [
        "**Core Idea:** Every project must have a valid business reason to start and continue.",
        "The justification (captured in the **Business Case**) should be reviewed and updated throughout the project lifecycle.",
        "If the justification is lost, the project must be stopped to save resources for better opportunities."
      ]
    },
    {
      "id": "2.2: PRIN_2",
      "title": "Principle: Learn from Experience",
      "paragraphs": [
        "**Core Idea:** Teams should actively learn from past and ongoing projects.",
        "Lessons are collected before, during, and after the project.",
        "Sharing and applying lessons ensures continuous improvement and avoids repeating mistakes."
      ]
    },
    {
      "id": "2.3:PRIN_3",
      "title": "Principle: Defined Roles, Responsibilities, and Relationships",
      "paragraphs": [
        "**Core Idea:** All participants must have clear roles and responsibilities defined in an explicit project management structure.",
        "PRINCE2 ensures stakeholder engagement — balancing business, user, and supplier interests.",
        "Communication and accountability structures are defined and agreed upon at every level."
      ]
    },
    {
      "id": "2.4: PRIN_4",
      "title": "Principle: Manage by Exception",
      "paragraphs": [
        "**Core Idea:** Authority is delegated using defined **tolerances** (limits) for cost, time, quality, scope, benefits, sustainability, and risk.",
        "Only when tolerances are exceeded does the issue escalate to the higher management level (Project Board).",
        "This saves time for senior management and ensures efficient governance."
      ]
    },
    {
      "id": "2.5: PRIN_5",
      "title": "Principle: Manage by Stages",
      "paragraphs": [
        "**Core Idea:** Projects are divided into manageable stages.",
        "Each stage is planned, monitored, and controlled separately.",
        "The project board authorizes one stage at a time — ensuring ongoing justification and control before committing further resources."
      ]
    },
    {
      "id": "2.6: PRIN_6",
      "title": "Principle: Focus on Products",
      "paragraphs": [
        "**Core Idea:** The project should focus on defining and delivering products (outputs) that meet user expectations.",
        "Clear **Product Descriptions** help avoid waste and “scope creep.”",
        "Work is performed only if it contributes directly to product delivery."
      ]
    },
    {
      "id": "2.7: PRIN_7",
      "title": "Principle: Tailor to Suit the Project",
      "paragraphs": [
        "**Core Idea:** PRINCE2 must be adapted to fit the project’s environment, scale, risk, and complexity.",
        "Tailoring ensures that processes and documentation are suitable and practical.",
        "Customization must retain the integrity of PRINCE2’s principles while aligning with organizational methods (like Agile or hybrid models)."
      ]
    },
    {
      "id": "5: THEME_1",
      "title": "Theme: Business Case",
      "paragraphs": [
        "**Focus:** Maintaining and ensuring the justification for the project.",
        "The Business Case provides the central document for business justification. It must be regularly reviewed to confirm viability, benefits, and risks are still relevant.",
        "If the Business Case becomes invalid, the project should stop (**Continued Business Justification Principle**)."
      ],
      "imagePath":"image11.png"
    },
    {
      "id": "6. THEME_2",
      "title": "Theme: Organization",
      "paragraphs": [
        "**Focus:** Defining the project structure, roles, and responsibilities.",
        "The structure balances three key interests: **Business** (viability), **User** (benefits), and **Supplier** (resources/delivery).",
        "These three interests are represented by the **Project Board**. The **Project Manager** is responsible for day-to-day work."
      ],
      "imagePath":"image9.png"
    },
    {
      "id": "7. THEME_3",
      "title": "Theme: Quality",
      "paragraphs": [
        "**Focus:** Defining the quality criteria for products and the standards required to achieve them.",
        "Includes **Quality Planning** (defining acceptance criteria) and **Quality Control** (inspection and testing) throughout the project.",
        "Quality should ensure deliverables are fit for purpose."
      ]
    },
    {
      "id": "8. THEME_4",
      "title": "Theme: Plans",
      "paragraphs": [
        "**Focus:** Defining the means of delivering the products.",
        "PRINCE2 requires three levels of planning:",
        "- **Project Plan** (high-level, for the Project Board)",
        "- **Stage Plans** (detailed for the current stage, for the Project Manager)",
        "- **Team Plans** (detailed day-to-day work, for the Team Manager)",
        "The planning process focuses on **product-based planning** (Focus on Products Principle)."
      ],
      "imagePath":"image11.png"
    },
    {
      "id": "9. THEME_5",
      "title": "Theme: Risk",
      "paragraphs": [
        "**Focus:** Identifying, assessing, and controlling threats and opportunities.",
        "Requires defining the project’s **Risk Management Approach** and ensuring risks are continually monitored and managed.",
        "Contributes directly to the **Continued Business Justification**."
      ]
    },
    {
      "id": "10. THEME_6",
      "title": "Theme: Change",
      "paragraphs": [
        "**Focus:** Establishing a formal process for managing issues and changes.",
        "All changes must be formally assessed for their impact on the Business Case, Project Plan, and risks before being approved or rejected by the Project Board or delegated authority.",
        "Used in conjunction with the **Manage by Exception** principle."
      ]
    },
    {
      "id": "11. THEME_7",
      "title": "Theme: Progress",
      "paragraphs": [
        "**Focus:** Monitoring and measuring progress against the approved plans and controlling deviations.",
        "Relies heavily on the **Manage by Exception** principle and reporting mechanisms (e.g., Highlight Reports, End Stage Reports) to ensure control and visibility."
      ]
    },
    {
      "id": "13: PROC_1",
      "title": "Process: Starting up a Project (SU)",
      "paragraphs": [
        "**Phase:** Pre-project.",
        "**Purpose:** Preliminary work needed before the Project Board commits to the project.",
        "**Key Output:** Creates the **Project Brief** (summary of the project), identifies the Project Management Team, and defines the Project Approach."
      ]
    },
    {
      "id": "14: PROC_2",
      "title": "Process: Directing a Project (DP)",
      "paragraphs": [
        "**Phase:** Ongoing (Project Board).",
        "**Purpose:** The Project Board's process for overall control and decision-making.",
        "It involves authorizing initiation, authorizing the project, authorizing stage plans, and authorizing project closure."
      ],
      "imagePath":"image14.png"
    },
    {
      "id": "15. PROC_3",
      "title": "Process: Initiating a Project (IP)",
      "paragraphs": [
        "**Phase:** Start of Execution.",
        "**Purpose:** Establishing a solid foundation for the project before authorization.",
        "**Key Output:** Creates the **Project Initiation Document (PID)**, which aggregates the Business Case, overall plan, and control mechanisms. This is the 'contract' for the project."
      ],
      "imagePath":"image13.png"
    },
    {
      "id": "16. PROC_4",
      "title": "Process: Controlling a Stage (CS)",
      "paragraphs": [
        "**Phase:** Execution (Project Manager).",
        "**Purpose:** The Project Manager’s process for daily control of a stage.",
        "Involves assigning work, monitoring progress, dealing with issues, and escalating problems (Exceptions) to the Project Board."
      ]
    },
    {
      "id": "17. PROC_5",
      "title": "Process: Managing Product Delivery (MP)",
      "paragraphs": [
        "**Phase:** Execution (Team).",
        "**Purpose:** Controls the interface between the Project Manager and the Team Manager/Team members.",
        "Its goal is to ensure the planned products (deliverables) are created and delivered within the agreed tolerances and quality standards."
      ],
      "imagePath":"image15.png"
    },
    {
      "id": "18. PROC_6",
      "title": "Process: Managing a Stage Boundary (SB)",
      "paragraphs": [
        "**Phase:** End of Stage.",
        "**Purpose:** Reviews the current stage, confirms the next stage is still viable, and plans the next stage's work.",
        "This is the crucial point where the **Project Board** uses the **Manage by Stages** principle to decide whether to authorize the continuation of the project."
      ]
    },
    {
      "id": "19. PROC_7",
      "title": "Process: Closing a Project (CP)",
      "paragraphs": [
        "**Phase:** End of Project.",
        "**Purpose:** Formal closure, confirming acceptance of deliverables, and planning for post-project benefits review.",
        "Ensures all products are handed over and lessons learned are archived."
      ],
      "imagePath":"image16.png"
    }
  ]
},
    {
  "id": "iso21502",
  "title": "ISO 21502:2020 - Guidance on Project Management",
  "description": "An international standard providing high-level guidance, concepts, and practices applicable to any project type, organization, or delivery method.",
  "content": [
    {
      "id": "ISO_OV",
      "title": "Overview and Core Concepts (Section 4.1)",
      "paragraphs": [
        "**Core Purpose:** ISO 21502 provides **high-level guidance** and a framework of concepts, rather than a rigid set of mandatory processes. It is designed to be highly adaptable and can be used in conjunction with other standards or methodologies.",
        "The standard defines the basic structure for governance, practices, and performance aspects of a project.",
        "**Projects** are defined by the need to achieve specific objectives within constraints, are unique, and have a defined start and end. **Project management** involves applying methods, tools, techniques, and competencies to meet project requirements."
      ]
    },
    {
      "id": "ISO_4.2",
      "title": "Project Context and Constraints (Section 4.2)",
      "paragraphs": [
        "**Impact of Context:** A project's context significantly impacts the governance and practices used. Factors include the project's complexity, urgency, stability, and the level of stakeholder uncertainty.",
        "**Organizational Strategy:** Projects must be clearly aligned with the **organizational strategy** and business goals. They often serve as the means to achieve strategic objectives outlined by portfolio or programme management.",
        "**Constraints:** Projects are typically subject to constraints that must be managed, including scope, quality, schedule, cost, resources, and risk. These constraints often interact, requiring trade-offs to be made."
      ]
    },
    {
      "id": "ISO_4.3",
      "title": "Project Governance and Business Case (Section 4.3)",
      "paragraphs": [
        "**Governance Framework:** Project governance is essential for enabling effective management. It includes establishing the structure, roles, responsibilities, and processes for decision-making, reporting, and assurance.",
        "**Project Governance is responsible for:** providing direction, authorizing stages, monitoring progress, managing risks at a high level, and ensuring alignment with the organization's goals.",
        "**Business Case:** The business case provides the **initial project justification** and must be periodically reviewed throughout the project life cycle. It should demonstrate that the benefits outweigh the costs and risks of the project."
      ]
    },
    {
      "id": "ISO_4.5",
      "title": "Project Organization and Roles (Section 4.5)",
      "paragraphs": [
        "**Project Board/Steering Committee:** The group responsible for overall direction and governance of the project, including authorizing major expenditures and changes, and ensuring the project remains strategically justified.",
        "**Project Sponsor (4.5.4):** The individual accountable for ensuring the project achieves its objectives and benefits. They authorize the Project Manager and resolve issues escalated from the Project Board.",
        "**Project Manager (4.5.6):** The person responsible for the day-to-day management of the project, including planning, executing, and monitoring the work of the team to meet project requirements and achieve objectives.",
        "**Project Assurance (4.5.5):** An independent function that provides confidence to the Project Sponsor and Project Board that the project is being managed correctly and remains viable."
      ]
    },
    {
      "id": "ISO_7.3",
      "title": "Benefit Management (Section 7.3)",
      "paragraphs": [
        "**Overview:** The focus should be on achieving the desired **benefits** and not just delivering outputs. This practice ensures that outcomes are realized after the project completes.",
        "**Identifying and Analysing Benefits:** This practice involves quantifying and qualifying the expected benefits (financial, strategic, social, etc.) and developing a **Benefit Management Plan** to track their realization.",
        "**Monitoring and Maintaining Benefits:** After project closure, a plan must be in place to track the actual realization of benefits and ensure the new products or capabilities are sustained to continue generating value."
      ]
    },
    {
      "id": "ISO_7.4",
      "title": "Scope Management (Section 7.4)",
      "paragraphs": [
        "**Defining the Scope:** This involves establishing clear boundaries of the project by defining the **requirements** and creating a **Work Breakdown Structure (WBS)** to systematically decompose the total scope into manageable work packages.",
        "**Controlling the Scope:** The project baseline must be protected against uncontrolled changes (**scope creep**). Scope changes must be formally reviewed, assessed, and approved through a defined change control process.",
        "**Confirming Scope Delivery:** Formal acceptance processes are necessary to confirm that the deliverables meet the specified requirements before the client or customer takes ownership."
      ]
    },
    {
      "id": "ISO_7.8",
      "title": "Risk Management (Section 7.8)",
      "paragraphs": [
        "**Identifying Risk:** This practice involves systematically identifying sources of uncertainty that may affect project objectives. Both **threats** (negative risks) and **opportunities** (positive risks) must be considered.",
        "**Assessing and Treating Risk:** Risks are assessed for their probability and impact. Responses are then developed to **treat** the risks, which may include avoiding, mitigating, transferring, accepting (for threats), or enhancing, exploiting, sharing (for opportunities).",
        "**Controlling Risk:** Risks are continually monitored throughout the project life cycle, and the effectiveness of the chosen response actions is tracked. Contingency plans are executed if risks materialize."
      ]
    },
    {
      "id": "ISO_7.10",
      "title": "Change Control (Section 7.10)",
      "paragraphs": [
        "**Establishing a Framework:** A formal **change control framework** is mandatory to manage deviations from the approved project baselines (scope, schedule, budget). This ensures changes are deliberate and controlled.",
        "**Identifying and Assessing Changes:** Any requested change must be documented and formally assessed for its impact on cost, schedule, risk, and the overall business justification.",
        "**Planning and Implementing Change:** Only approved change requests are implemented, requiring the updating of baselines, plans, and documentation to reflect the new direction of the project."
      ]
    },
    {
      "id": "ISO_7.12",
      "title": "Stakeholder Engagement (Section 7.12)",
      "paragraphs": [
        "**Identifying Stakeholders:** This involves identifying all internal and external parties who can influence or be affected by the project. Their interests, expectations, and potential impact must be analyzed.",
        "**Engaging Stakeholders:** A plan must be developed to define how, when, and what information will be communicated to each stakeholder group. Engagement should be proactive, continuous, and encourage two-way communication.",
        "**Goal:** To build and maintain effective working relationships and ensure sustained stakeholder support and minimal resistance to project changes."
      ]
    },
    {
      "id": "ISO_7.18",
      "title": "Lessons Learned (Section 7.18)",
      "paragraphs": [
        "**Identifying Lessons:** This involves gathering information on successes, failures, deviations, and useful practices throughout the project lifecycle, often via dedicated workshops or reviews.",
        "**Disseminating Lessons:** Lessons are not just for the current project team. They must be captured, processed, stored in an accessible repository, and actively disseminated to the wider organization to foster **organizational learning** and improve future project performance."
      ]
    }
  ]
}
],
  
"comparisonTopics": [
  {
    "topic": "Risk Management",
    "standards": {
      "pmbok7": {
        "name": "PMBOK 7",
        "approach": "Treats Risk as a **Performance Domain** (Section 5), emphasizing continuous assessment, integration, and principles-based decision-making.",
        "guidance": "Focuses on value delivery and encourages tailoring of the process. It defines the goal as maximizing opportunities and minimizing threats.",
        "sectionId": "3.10" 
      },
      "prince2": {
        "name": "PRINCE2",
        "approach": "Treats Risk as a mandatory **Theme**, requiring a mandatory and documented **Risk Management Strategy** and formal Risk Register.",
        "guidance": "Highly prescriptive and process-driven with defined controls. Risk is a core element of the 'Continued Business Justification' principle.",
        "sectionId": "9. THEME_5" 
      },
      "iso21502": {
        "name": "ISO 21502",
        "approach": "Provides general, high-level **guidance** on risk activities (Section 7.8), encouraging alignment with the ISO 31000 family of standards.",
        "guidance": "Broad guidelines for international applicability, covering the identification, assessment, treatment, and control of both threats and opportunities.",
        "sectionId": "ISO_S7"
      }
    }
  },
  {
    "topic": "Project Organization/Roles",
    "standards": {
      "pmbok7": {
        "name": "PMBOK 7",
        "approach": "Focuses on the **Team Performance Domain**, emphasizing leadership, self-organization, and collaborative culture over fixed hierarchy.",
        "guidance": "Principle-driven, flexible engagement strategy. Emphasizes that leadership can come from any team member.",
        "sectionId": "3.6"
      },
      "prince2": {
        "name": "PRINCE2",
        "approach": "Mandatory **Organization Theme** defines 3 primary roles (Project Board, Project Manager, Team Manager) with clear, hierarchical accountability.",
        "guidance": "Defined roles and the Project Board are paramount for decision-making and control. Balances Business, User, and Supplier interests.",
        "sectionId": "6. THEME_2"
      },
      "iso21502": {
        "name": "ISO 21502",
        "approach": "Provides guidance on **Organization and roles** within a **Governance Framework** but allows significant tailoring.",
        "guidance": "Broad guidelines focused on Sponsor accountability, Project Manager execution, and Project Assurance independence.",
        "sectionId": "ISO_P1"
      }
    }
  },
  {
    "topic": "Business Justification/Value",
    "standards": {
      "pmbok7": {
        "name": "PMBOK 7",
        "approach": "Treats value as the **ultimate measure** of success, centered on the **'Focus on Value'** principle.",
        "guidance": "Focuses on maximizing outcomes over outputs. Value is delivered incrementally and measured against organizational strategic objectives.",
        "sectionId": "3.4"
      },
      "prince2": {
        "name": "PRINCE2",
        "approach": "Mandatory **'Continued Business Justification'** Principle. The **Business Case** (Theme) is the central document that must remain valid.",
        "guidance": "Viability is checked at the end of every management stage. If the justification is lost, the project must be stopped.",
        "sectionId": "2.1: PRIN_1"
      },
      "iso21502": {
        "name": "ISO 21502",
        "approach": "Emphasizes **'Strategic Alignment'** and the dedicated practice of **'Benefit Management'** (Section 7.3).",
        "guidance": "Requires the identification and analysis of benefits, along with plans for monitoring and **maintaining** benefits after project closure.",
        "sectionId": "ISO_7.3"
      }
    }
  },
  {
    "topic": "Quality Management",
    "standards": {
      "pmbok7": {
        "name": "PMBOK 7",
        "approach": "Treated via the **'Build Quality into Processes and Deliverables'** principle.",
        "guidance": "Focuses on both **process quality** (prevention over inspection) and **deliverable quality** (fit for use/conformance). Requires continuous improvement.",
        "sectionId": "3.8"
      },
      "prince2": {
        "name": "PRINCE2",
        "approach": "Mandatory **'Quality' Theme** and the **'Focus on Products'** Principle.",
        "guidance": "Requires defining acceptance criteria, a **Quality Management Approach** document, and dedicated quality checking methods throughout the project.",
        "sectionId": "7. THEME_3"
      },
      "iso21502": {
        "name": "ISO 21502",
        "approach": "Dedicated subject **'Quality Management'** (Section 7.11) with guidance on planning, assurance, and control.",
        "guidance": "Aligns with global quality standards, ensuring deliverables are **fit for purpose**. Covers both auditing processes and inspecting products.",
        "sectionId": "ISO_7.11"
      }
    }
  },
  {
    "topic": "Project Conclusion/Closure",
    "standards": {
      "pmbok7": {
        "name": "PMBOK 7",
        "approach": "Embedded within the **Performance Domains**, emphasizing the successful transition of the product/service and capture of lessons learned.",
        "guidance": "Focuses on maximizing value by ensuring the final deliverables are accepted, knowledge is transferred, and team members are released.",
        "sectionId": "3.1" 
      },
      "prince2": {
        "name": "PRINCE2",
        "approach": "A mandatory, formal **Closing a Project (CP) Process** that requires authorization from the Project Board.",
        "guidance": "Ensures formal acceptance of the final product, transfer of ownership, evaluation of benefits, and compilation of the **End Project Report** and **Lessons Learned Report**.",
        "sectionId": "19. PROC_7" 
      },
      "iso21502": {
        "name": "ISO 21502",
        "approach": "Dedicated practices for **Closing or terminating a project** (6.8) and **Post-project activities** (6.9).",
        "guidance": "Requires formal acceptance, final transfer of products, administrative closure (contracts/documentation), and a specific focus on post-project benefit realization.",
        "sectionId": "ISO_OV" 
      }
    }
  },
  {
    "topic": "Organizational Change & Tailoring",
    "standards": {
      "pmbok7": {
        "name": "PMBOK 7",
        "approach": "Driven by the **'Tailor Based on Context' Principle** (3.7), making customization and method selection a fundamental team responsibility.",
        "guidance": "Emphasizes that project teams must deliberately select the appropriate methods (predictive, agile, hybrid) to fit the project's unique environment, risk, and complexity.",
        "sectionId": "3.7" 
      },
      "prince2": {
        "name": "PRINCE2",
        "approach": "A mandatory **'Tailor to Suit the Project' Principle** (2.7) and a focus on defining the product's impact on business operations (Theme: Business Case).",
        "guidance": "Requires tailoring the PRINCE2 method itself (themes, processes) to the project scale. The focus on benefits realization inherently addresses the need for organizational change acceptance.",
        "sectionId": "2.7: PRIN_7"
      },
      "iso21502": {
        "name": "ISO 21502",
        "approach": "Specific guidance on **Managing organizational and societal change** (Section 7.14) is included as a distinct management practice.",
        "guidance": "Covers identifying the need for change (due to the project) and planning the implementation of that organizational transition, which is more comprehensive than the other two.",
        "sectionId": "ISO_4.2" 
      }
    }
  }
],

"insights": {
  "similarities": [
    "All three standards emphasize the necessity of **early and continuous stakeholder engagement** to define requirements and ensure acceptance.",
    "The core concept of **project justification** is universally mandatory (Business Case in PRINCE2, Focus on Value in PMBOK 7, Business Case in ISO 21502).",
    "Each framework requires formal **Quality Management**, focusing on conformance to requirements and continuous improvement, applying to both processes and deliverables.",
    "**Risk Management** is a fundamental practice across all three, covering both threats and opportunities, and must be conducted continuously.",
    "The principle of **tailoring** the methodology to fit the project's complexity and environment is a central tenet in all three standards."
  ],
  "differences": [
    "**PMBOK 7** is **Principles-Based**, emphasizing **outcomes** and **flexibility**, while **PRINCE2** is **Process-Based**, emphasizing **control** and **outputs**.",
    "**Governance Structure:** PRINCE2 mandates a formal, three-tiered hierarchy (Project Board, PM, Team Manager), whereas PMBOK 7 and ISO 21502 are less prescriptive, supporting adaptable governance models.",
    "**Change Control:** PRINCE2 requires strict, formal escalation (Manage by Exception) to the Project Board for changes exceeding tolerance. PMBOK 7 encourages adaptive, continuous change management, especially in Agile settings.",
    "**Documentation:** PRINCE2 requires specific, named management products (e.g., PID, Stage Plan). PMBOK 7 focuses on the *function* of the documentation, not the required format or name."
  ],
  "uniquePoints": [
    {
      "standard": "PRINCE2",
      "point": "Mandatory **Manage by Exception** principle, delegating authority via defined tolerances (time, cost, scope) to save senior management time."
    },
    {
      "standard": "PMBOK 7",
      "point": "Explicit focus on **8 Performance Domains** (e.g., Team, Stakeholders, Measurement) as interactive areas of project work, rather than sequential processes."
    },
    {
      "standard": "ISO 21502",
      "point": "Dedicated practice for **Managing organizational and societal change** (Section 7.14), offering guidance beyond the project's scope to ensure lasting transition and benefit realization."
    },
    {
      "standard": "PRINCE2",
      "point": "The **Focus on Products** principle, which mandates a structured technique (Product-Based Planning) to clearly define and gain acceptance for every deliverable."
    }
  ]
},

"wbsScenarios": [
  {
    "scenario": "Software Development - Agile/Hybrid Project",
    "wbsItems": [

      {"code": "1.0", "title": "Initiation & Project Definition", "source": "PRINCE2 (Start-up Process / Initiating a Project)"},
      {"code": "1.1", "title": "Business Case & Justification", "source": "PRINCE2 (Theme: Business Case)"},
      {"code": "1.1.1", "title": "Finalize ROI and Acceptance Criteria (Tolerance)", "source": "PRINCE2 (Management by Exception)"},
      {"code": "1.2", "title": "Initial Product Scope & Context", "source": "PMBOK 7 (Planning Performance Domain)"},
      {"code": "1.2.1", "title": "Conduct High-Level Stakeholder Identification & Analysis", "source": "PMBOK 7 (Stakeholder Domain)"},

      {"code": "2.0", "title": "Sprints & Product Development Cycles", "source": "PMBOK 7 (Agile Practice Guide)"},
      {"code": "2.1", "title": "Design & User Experience (UX)", "source": "PMBOK 7 (Project Work Domain)"},
      {"code": "2.1.1", "title": "Create & Review Detailed User Stories/Acceptance Criteria", "source": "ISO 21502 (Practices 7.1, 7.2)"},
      {"code": "2.2", "title": "Development & Unit Testing", "source": "PMBOK 7 (Delivery Performance Domain)"},
      {"code": "2.2.1", "title": "Maintain Continuous Integration (CI) Environment", "source": "ISO 21502 (Quality Practice 7.15)"},
      
      {"code": "3.0", "title": "Project Closure and Benefit Transition", "source": "ISO 21502 (Practices 6.8, 6.9)"},
      {"code": "3.1", "title": "Formal Project Closure Activities", "source": "PRINCE2 (Closing a Project Process)"},
      {"code": "3.1.1", "title": "Capture and Archive Lessons Learned Report", "source": "All Standards (Information Flow/Lessons Learned)"}
    ]
  },
  {
    "scenario": "Infrastructure/Construction Project - Traditional/Controlled",
    "wbsItems": [
      {"code": "1.0", "title": "Project Definition and Governance Setup", "source": "ISO 21502 (Project Context and Constraints)"},
      {"code": "1.1", "title": "Scope and Requirements Baseline", "source": "PMBOK 7 (Planning Performance Domain)"},
      {"code": "1.1.1", "title": "Obtain Formal Sign-off on Detailed Design Documents", "source": "ISO 21502 (Scope Practice 7.1)"},
      {"code": "1.2", "title": "Initial Risk and Quality Strategy", "source": "PRINCE2 (Themes: Risk & Quality)"},
      {"code": "1.2.1", "title": "Define and Set Stage Tolerances for Project Board (Stage Plan)", "source": "PRINCE2 (Controlling a Stage Process)"},

      {"code": "2.0", "title": "Procurement and Supplier Management", "source": "ISO 21502 (Resource Subject)"},
      {"code": "2.1", "title": "Contract and Bid Management", "source": "PMBOK 7 (Procurement Performance Domain)"},
      {"code": "2.1.1", "title": "Finalize and Award Construction Contracts (Contracts Management)", "source": "ISO 21502 (Resource Practice 7.16)"},
      
      {"code": "3.0", "title": "Operational Transition and Post-Project Review", "source": "PRINCE2 (Closing a Project Process)"},
      {"code": "3.1", "title": "User and Organizational Change Management", "source": "ISO 21502 (Practice 7.14)"},
      {"code": "3.1.1", "title": "Conduct Post-Project Benefit Review and Assessment", "source": "ISO 21502 (Practice 6.9)"}
    ]
  }
]}
